"name","weighted_ai_score","pct_ai_leaders","pct_ai_adopters","pct_ai_followers","pct_ai_laggards","concentration","avg_revenue_growth","avg_volatility","pct_unicorns","n_companies","coverage_pct","avg_ai_score","median_ai_score","ai_score_std","top_10_weight","herfindahl","effective_n","avg_innovation_score","avg_patents","avg_rd_intensity","ai_score_gap","leader_gap","adopter_gap","laggard_gap","active_share"
"DUMAC Portfolio",0.486027262545664,23.1583046778507,18.9616188452336,10.1069048737011,47.7731716032146,0.0528737721510263,0.100269649954578,0.549669657719444,4.21768249604089,NA,NA,NA,NA,NA,NA,NA,NA,NA,NA,NA,0,0,0,0,0
"S&P 500",0.684561867196964,42.3385300930886,20.8478240732712,11.4842819013168,25.3293639323235,NA,0.106898179247607,0.407205628556324,2.0501440113167,88,13.8147566718995,0.630965909090909,0.625,0.133099344874648,0.512824701404784,0.0572915387316594,17.4545844314598,0.684561867196964,82723.6806702872,1.81656686350009,0.1985346046513,19.1802254152379,1.88620522803754,-22.4438076708911,20.8120165430645
"NASDAQ 100",0.695192930446512,52.267441519365,7.49664184014223,8.34936162532081,31.8865550151719,NA,0.126093396850934,0.377588042236857,0,33,27.2727272727273,0.617424242424242,0.6,0.145302062593548,0.613638115729277,0.105142766769798,9.51087774006773,0.695192930446512,20486.4324471167,0.0152677483851945,0.209165667900848,29.1091368415144,-11.4649770050914,-15.8866165880427,22.4978767147785
"S&P 400 Mid Cap",0.676432324098623,0.16077306962213,91.5530921923161,0,8.28613473806181,NA,0.0652003363638981,0.472623694379443,8.28613473806181,5,0.950570342205323,0.68,0.7,0.133930952359789,0.917138652619382,0.30674126518288,3.26007653193905,0.676432324098623,1644.40389837093,0.0586013122776701,0.190405061552959,-22.9975316082285,72.5914733470824,-39.4870368651528,31.2422842366907
"S&P 600 Small Cap",0.696848285408599,0,97.600711983781,2.39928801621901,0,NA,-0.0252392978478248,0.29963349952958,0,3,0.381679389312977,0.658333333333333,0.65,0.0381881307912986,1,0.901836247603601,1.1088487545907,0.696848285408599,43221.8920950546,0.0106094880693767,0.210821022862935,-23.1583046778507,78.6390931385474,-47.7731716032146,35.4657381405326
