"Metric","Portfolio","S&P 500","NASDAQ 100","S&P 400 Mid Cap","S&P 600 Small Cap"
"AI Score",0.683952667884094,0.715935529947619,0.742100431820695,0.714898296825829,0.742557764332089
"% AI Leaders",49.7232903403403,32.6708578116111,40.602057714544,72.298736691074,94.4629070058179
"% AI Adopters",10.433132779601,44.7105170006998,40.8858369175148,19.6739882331654,2.99690276254344
"% AI Followers",19.5513307338879,14.8190272774642,11.9951030892985,0,2.54019023163863
"% AI Laggards",20.2922461461709,7.79959791022491,6.51700227864272,8.02727507576065,0
"Innovation Score",NA,0.715935529947619,0.742100431820695,0.714898296825829,0.742557764332089
"Revenue Growth",5,5,5,5,5
"Unicorn %",24.1785419794785,11.7814053235678,8.07768125016042,8.02727507576065,0
