"Metric","Portfolio","S&P 500","NASDAQ 100","S&P 400 Mid Cap","S&P 600 Small Cap"
"AI Score",0.486027262545664,0.757679376886369,0.799338025928665,0.695077308767213,0.694056215713361
"% AI Leaders",23.1583046778507,62.6070930551263,75.7397106873048,62.2338181672636,0
"% AI Adopters",18.9616188452336,17.1027038446018,12.154218522841,29.7389067569757,97.4598097683614
"% AI Followers",10.1069048737011,9.94006742736876,2.02860868881556,0,0
"% AI Laggards",47.7731716032146,10.3501356729031,10.0774621010386,8.02727507576065,2.54019023163863
"Innovation Score",NA,0.757679376886369,0.799338025928665,0.695077308767213,0.694056215713361
"Revenue Growth",10.0269649954578,9.20135776267799,20.5356816815476,-27.8126946330414,-91.8772453827331
"Unicorn %",4.21768249604089,0.885765135602557,0.220325824682533,0,0
