"name","weighted_ai_score","pct_ai_leaders","pct_ai_adopters","pct_ai_followers","pct_ai_laggards","concentration","avg_revenue_growth","avg_volatility","pct_unicorns","n_companies","coverage_pct","avg_ai_score","median_ai_score","ai_score_std","top_10_weight","herfindahl","effective_n","avg_innovation_score","avg_patents","avg_rd_intensity","ai_score_gap","leader_gap","adopter_gap","laggard_gap","active_share"
"DUMAC Portfolio",0.282455152348918,7.32108022779529,1.72743791491332,2.95027156722204,88.0012102900694,0.172052644165332,0.0768816932298869,1.2759889604756,5.27477784586694,NA,NA,NA,NA,NA,NA,NA,NA,NA,NA,NA,0,0,0,0,0
"S&P 500",0.498232466051141,35.8731446973923,7.20319757972672,10.5002595498868,46.4233981729942,NA,0.0934033673610914,0.406082535076101,0.326996094356685,88,13.8147566718995,0.59945652173913,0.5875,0.123320847389913,0.404110924837763,0.0581024390287367,17.2109814444349,0.631145919382139,80945.5764041758,0.0160496116834436,0.215777313702222,28.552064469597,5.4757596648134,-41.5778121170751,35.0649382933361
"NASDAQ 100",0.600457962616795,49.4397208893774,5.01268262138323,4.29204733290723,41.2555491563322,NA,0.0910588165349588,0.37983216549136,0,33,27.2727272727273,0.576851851851852,0.575,0.135328291346438,0.544915974322377,0.104798182081433,9.54215025622256,0.63306264915678,20470.543743415,0.0148258490308683,0.318002810267877,42.1186406615821,3.28524470646991,-46.7456611337372,44.4321508976596
"S&P 400 Mid Cap",0.553476462883932,0.168958708579472,41.6038723363314,49.9579713657239,8.26919758936515,NA,0.0380262012447272,0.468792312491994,0,5,0.950570342205323,0.6375,0.6125,0.0777281587757401,0.417728310449109,0.310277874238153,3.22291752982829,0.603370349259874,1591.24015338315,0.0616137393840825,0.271021310535014,-7.15212151921581,39.8764344214181,-79.7320127007042,43.44206710996
"S&P 600 Small Cap",0,0,0,0,100,NA,-0.0696596454522193,0.298395142242126,0,3,0.381679389312977,NA,NA,NA,0,0.899715811301297,1.11146207217772,NA,43170.5131695086,NA,-0.282455152348918,-7.32108022779529,-1.72743791491332,11.9987897099306,9.65993496886297
