"name","weighted_ai_score","pct_ai_leaders","pct_ai_adopters","pct_ai_followers","pct_ai_laggards","concentration","avg_revenue_growth","avg_volatility","pct_unicorns","n_companies","coverage_pct","avg_ai_score","median_ai_score","ai_score_std","top_10_weight","herfindahl","effective_n","avg_innovation_score","avg_patents","avg_rd_intensity","ai_score_gap","leader_gap","adopter_gap","laggard_gap","active_share"
"DUMAC Portfolio",0.486027262545664,23.1583046778507,18.9616188452336,10.1069048737011,47.7731716032146,0.0528737721510263,0.100269649954578,0.549669657719444,4.21768249604089,NA,NA,NA,NA,NA,NA,NA,NA,NA,NA,NA,0,0,0,0,0
"S&P 500",0.757679376886369,62.6070930551263,17.1027038446018,9.94006742736876,10.3501356729031,NA,0.0920135776267799,0.403700949277283,0.885765135602557,88,13.7931034482759,0.642045454545454,0.65,0.137325932377098,0.63125036226393,0.0583779585514357,17.129752817905,0.757679376886369,79549.5085594377,0.324483281565987,0.271652114340706,39.4487883772757,-1.85891500063185,-37.4230359303115,38.4359121537936
"NASDAQ 100",0.799338025928665,75.7397106873048,12.154218522841,2.02860868881556,10.0774621010386,NA,0.205356816815476,0.370972360397757,0.220325824682533,33,27.2727272727273,0.686363636363636,0.725,0.153104706447462,0.806553779011489,0.105686208165225,9.46197254457878,0.799338025928665,20675.5830610842,0.435735032225617,0.313310763383001,52.5814060094541,-6.80740032239257,-37.695709502176,45.138557755815
"S&P 400 Mid Cap",0.695077308767213,62.2338181672636,29.7389067569757,0,8.02727507576065,NA,-0.278126946330414,0.465901485571541,0,5,0.950570342205323,0.665,0.75,0.17011025836204,0.919727249242393,0.314092861048501,3.18377182041583,0.695077308767213,1574.92337114056,0.191784002125748,0.209050046221549,39.075513489413,10.7772879117421,-39.7458965274539,39.4107050084334
"S&P 600 Small Cap",0.694056215713361,0,97.4598097683614,0,2.54019023163863,NA,-0.918772453827331,0.298017641082687,0,3,0.381194409148666,0.625,0.65,0.0901387818865998,0.974598097683614,0.893867479257086,1.11873406652083,0.694056215713361,43028.1164730178,0.0105977753762122,0.208028953167697,-23.1583046778507,78.4981909231278,-45.232981371576,34.1956430247133
