"Metric","Portfolio","S&P 500","NASDAQ 100","S&P 400 Mid Cap","S&P 600 Small Cap"
"AI Score",0.282455152348918,0.498232466051141,0.600457962616795,0.553476462883932,0
"% AI Leaders",7.32108022779529,35.8731446973923,49.4397208893774,0.168958708579472,0
"% AI Adopters",1.72743791491332,7.20319757972672,5.01268262138323,41.6038723363314,0
"% AI Followers",2.95027156722204,10.5002595498868,4.29204733290723,49.9579713657239,0
"% AI Laggards",88.0012102900694,46.4233981729942,41.2555491563322,8.26919758936515,100
"Innovation Score",NA,0.631145919382139,0.63306264915678,0.603370349259874,NA
"Revenue Growth",7.68816932298869,9.34033673610914,9.10588165349588,3.80262012447272,-6.96596454522193
"Unicorn %",5.27477784586694,0.326996094356685,0,0,0
