"name","weighted_ai_score","pct_ai_leaders","pct_ai_adopters","pct_ai_followers","pct_ai_laggards","concentration","avg_revenue_growth","avg_volatility","pct_unicorns","n_companies","coverage_pct","avg_ai_score","median_ai_score","ai_score_std","top_10_weight","herfindahl","effective_n","avg_innovation_score","avg_patents","avg_rd_intensity","ai_score_gap","leader_gap","adopter_gap","laggard_gap","active_share"
"DUMAC Portfolio",0.683952667884094,49.7232903403403,10.433132779601,19.5513307338879,20.2922461461709,0.0537151378732758,0.05,0.560997894191876,24.1785419794785,NA,NA,NA,NA,NA,NA,NA,NA,NA,NA,NA,0,0,0,0,0
"S&P 500",0.714382498716134,31.939363363105,45.3147866015351,15.0036178850314,7.74223215032853,NA,0.05,0.407835609029656,12.7495156835584,88,13.8147566718995,0.63125,0.65,0.124697910830604,0.637780186808606,0.0580196753397653,17.2355325007243,0.714382498716134,81488.294396536,0.307978990755447,0.0304298308320398,-17.7839269772353,34.8816538219341,-12.5500139958423,15.1669704865388
"NASDAQ 100",0.740052840429404,39.9744403113263,41.1475541157058,11.7376375806356,7.14036799233224,NA,0.05,0.378145974408345,9.56213368417373,33,27.2727272727273,0.668181818181818,0.65,0.114269542788492,0.825454992520692,0.105843870426698,9.44787823771569,0.740052840429404,20477.6133815862,0.414819022557754,0.0561001725453096,-9.74885002901397,30.7144213361048,-13.1518781538386,11.4503640914263
"S&P 400 Mid Cap",0.709910524742859,71.6016236060637,20.1712313015057,0,8.22714509243061,NA,0.05,0.471870196878263,8.22714509243061,5,0.950570342205323,0.645,0.725,0.181486914128815,0.917728549075694,0.309370997972792,3.23236504569813,0.709910524742859,1605.17930218184,0.191504987181192,0.0259578568587645,21.8783332657234,9.73809852190473,-12.0651010537403,16.9717171597318
"S&P 600 Small Cap",0.742981382877091,94.7904071526173,2.79756048001449,2.41203236736821,0,NA,0.05,0.300193885493427,0,3,0.381679389312977,0.658333333333333,0.65,0.0877971146071062,0.975879676326318,0.899886553293953,1.11125118642966,0.742981382877091,43174.8293430109,0.0106059932710144,0.0590287149929969,45.067116812277,-7.63557229958651,-20.2922461461709,32.6796814792239
