"name","weighted_ai_score","pct_ai_leaders","pct_ai_adopters","pct_ai_followers","pct_ai_laggards","concentration","avg_revenue_growth","avg_volatility","pct_unicorns","n_companies","coverage_pct","avg_ai_score","median_ai_score","ai_score_std","top_10_weight","herfindahl","effective_n","avg_innovation_score","avg_patents","avg_rd_intensity","ai_score_gap","leader_gap","adopter_gap","laggard_gap","active_share"
"DUMAC Portfolio",0.486027262545664,23.1583046778507,18.9616188452336,10.1069048737011,47.7731716032146,0.0528737721510263,0.100269649954578,0.549669657719444,4.21768249604089,NA,NA,NA,NA,NA,NA,NA,NA,NA,NA,NA,0,0,0,0,0
"S&P 500",0.715935529947619,32.6708578116111,44.7105170006998,14.8190272774642,7.79959791022491,NA,0.05,0.403700949277283,11.7814053235678,88,13.7931034482759,0.632386363636364,0.65,0.12347687501102,0.634752090607778,0.0583779585514357,17.129752817905,0.715935529947619,79549.5085594377,0.324483281565987,0.229908267401955,9.5125531337604,25.7488981554662,-39.9735736929897,24.743063413375
"NASDAQ 100",0.742100431820695,40.602057714544,40.8858369175148,11.9951030892985,6.51700227864272,NA,0.05,0.370972360397757,8.07768125016042,33,27.2727272727273,0.66969696969697,0.65,0.11537262588253,0.820006300337073,0.105686208165225,9.46197254457878,0.742100431820695,20675.5830610842,0.435735032225617,0.256073169275031,17.4437530366934,21.9242180722812,-41.2561693245719,29.3499611806326
"S&P 400 Mid Cap",0.714898296825829,72.298736691074,19.6739882331654,0,8.02727507576065,NA,0.05,0.465901485571541,8.02727507576065,5,0.950570342205323,0.655,0.725,0.159491379077366,0.919727249242393,0.314092861048501,3.18377182041583,0.714898296825829,1574.92337114056,0.191784002125748,0.228871034280165,49.1404320132233,0.712369387931762,-39.7458965274539,44.4431642703386
"S&P 600 Small Cap",0.742557764332089,94.4629070058179,2.99690276254344,2.54019023163863,0,NA,0.05,0.298017641082687,0,3,0.381194409148666,0.658333333333333,0.65,0.0877971146071062,0.974598097683614,0.893867479257086,1.11873406652083,0.742557764332089,43028.1164730178,0.0105977753762122,0.256530501786425,71.3046023279673,-15.9647160826902,-47.7731716032146,59.5388869655909
