"Metric","Portfolio","S&P 500","NASDAQ 100","S&P 400 Mid Cap","S&P 600 Small Cap"
"AI Score",0.683952667884094,0.714382498716134,0.740052840429404,0.709910524742859,0.742981382877091
"% AI Leaders",49.7232903403403,31.939363363105,39.9744403113263,71.6016236060637,94.7904071526173
"% AI Adopters",10.433132779601,45.3147866015351,41.1475541157058,20.1712313015057,2.79756048001449
"% AI Followers",19.5513307338879,15.0036178850314,11.7376375806356,0,2.41203236736821
"% AI Laggards",20.2922461461709,7.74223215032853,7.14036799233224,8.22714509243061,0
"Innovation Score",NA,0.714382498716134,0.740052840429404,0.709910524742859,0.742981382877091
"Revenue Growth",5,5,5,5,5
"Unicorn %",24.1785419794785,12.7495156835584,9.56213368417373,8.22714509243061,0
