"name","weighted_ai_score","pct_ai_leaders","pct_ai_adopters","pct_ai_followers","pct_ai_laggards","concentration","avg_revenue_growth","avg_volatility","pct_unicorns","n_companies","coverage_pct","avg_ai_score","median_ai_score","ai_score_std","top_10_weight","herfindahl","effective_n","avg_innovation_score","avg_patents","avg_rd_intensity","ai_score_gap","leader_gap","adopter_gap","laggard_gap","active_share"
"DUMAC Portfolio",0.683952667884094,49.7232903403403,10.433132779601,19.5513307338879,20.2922461461709,0.0537151378732758,0.05,0.560997894191876,24.1785419794785,NA,NA,NA,NA,NA,NA,NA,NA,NA,NA,NA,0,0,0,0,0
"S&P 500",0.715935529947619,32.6708578116111,44.7105170006998,14.8190272774642,7.79959791022491,NA,0.05,0.403700949277283,11.7814053235678,88,13.7931034482759,0.632386363636364,0.65,0.12347687501102,0.634752090607778,0.0583779585514357,17.129752817905,0.715935529947619,79549.5085594377,0.324483281565987,0.0319828620635242,-17.0524325287292,34.2773842210988,-12.4926482359459,14.7725403823376
"NASDAQ 100",0.742100431820695,40.602057714544,40.8858369175148,11.9951030892985,6.51700227864272,NA,0.05,0.370972360397757,8.07768125016042,33,27.2727272727273,0.66969696969697,0.65,0.11537262588253,0.820006300337073,0.105686208165225,9.46197254457878,0.742100431820695,20675.5830610842,0.435735032225617,0.0581477639366005,-9.12123262579624,30.4527041379138,-13.7752438675281,11.4482382466622
"S&P 400 Mid Cap",0.714898296825829,72.298736691074,19.6739882331654,0,8.02727507576065,NA,0.05,0.465901485571541,8.02727507576065,5,0.950570342205323,0.655,0.725,0.159491379077366,0.919727249242393,0.314092861048501,3.18377182041583,0.714898296825829,1574.92337114056,0.191784002125748,0.030945628941735,22.5754463507337,9.24085545356438,-12.2649710704102,17.4202087105719
"S&P 600 Small Cap",0.742557764332089,94.4629070058179,2.99690276254344,2.54019023163863,0,NA,0.05,0.298017641082687,0,3,0.381194409148666,0.658333333333333,0.65,0.0877971146071062,0.974598097683614,0.893867479257086,1.11873406652083,0.742557764332089,43028.1164730178,0.0105977753762122,0.0586050964479946,44.7396166654776,-7.43623001705756,-20.2922461461709,32.5159314058242
