"Metric","Portfolio","S&P 500","NASDAQ 100","S&P 400 Mid Cap","S&P 600 Small Cap"
"AI Score",0.486027262545664,0.684561867196964,0.695192930446512,0.676432324098623,0.696848285408599
"% AI Leaders",23.1583046778507,42.3385300930886,52.267441519365,0.16077306962213,0
"% AI Adopters",18.9616188452336,20.8478240732712,7.49664184014223,91.5530921923161,97.600711983781
"% AI Followers",10.1069048737011,11.4842819013168,8.34936162532081,0,2.39928801621901
"% AI Laggards",47.7731716032146,25.3293639323235,31.8865550151719,8.28613473806181,0
"Innovation Score",NA,0.684561867196964,0.695192930446512,0.676432324098623,0.696848285408599
"Revenue Growth",10.0269649954578,10.6898179247607,12.6093396850934,6.52003363638981,-2.52392978478248
"Unicorn %",4.21768249604089,2.0501440113167,0,8.28613473806181,0
