Statistic,Value
Mean,42.65592056693302
SD,19.185086037182984
Min,0
Q1,30.825353085750685
Median,41.199780825765004
Q3,51.21200151978967
Max,100
N,50
NA_Count,0
